ID,CONTRATO,COD_CANONICO,NOMENCLATURA_ORIGINAL,DIVERGENCIA,ACAO
L004,BNB,FIS.NOTA_FISCAL,NOTA _FISCAL,NOMENCLATURA com espaço/caractere irregular,
L012,BNB,FGT.GUIA,GFD_GUIA_DO_FGTS,"COMPETÊNCIA divergente: consta ""Mês da Competência"", esperado ""Competência Anterior""",
L015,BNB,INS.COMPROVANTE_PG,COMPROVANTE_PG_INSS,LINHA COMPOSTA: descreve mais de um artefato,
L022,CEF,FIS.NOTA_FISCAL,NOTA _FISCAL,NOMENCLATURA com espaço/caractere irregular,
L025,CEF,FGT.RELATORIO_DIGITAL,FGTS-DETALHE_DA_GUIA,PASTA incompatível com a família do documento,
L027,CEF,INS.PARCELAMENTO_COMPROV,COMPROVANTES_PARCELAMENTOS,LINHA COMPOSTA: descreve mais de um artefato,
L027,CEF,INS.PARCELAMENTO_COMPROV,COMPROVANTES_PARCELAMENTOS,PASTA incompatível com a família do documento,
L028,CEF,FER.AVISO,AVISO_DE_FERIAS,PERIODICIDADE em branco,
L029,CEF,FER.RECIBO,RECIBO_DE_FÉRIAS,PERIODICIDADE em branco,
L029,CEF,FER.RECIBO,RECIBO_DE_FÉRIAS,PREVISÃO/fundamento em branco,
L031,CEF,BEN.RELACAO_VT,RELAÇÃO_DE_VT,LINHA COMPOSTA: descreve mais de um artefato,
L032,CEF,BEN.TERMO_NAO_ADESAO_VT,TERMO_DE_ADESÃO_VT,PREVISÃO/fundamento em branco,
L032,CEF,BEN.TERMO_NAO_ADESAO_VT,TERMO_DE_ADESÃO_VT,"SEMÂNTICA INVERTIDA: código diz ""adesão"", documento é ""NÃO adesão""",
L033,CEF,BEN.COMPROVANTE_VT,COMPROVANTE_PG_VT,LINHA ÓRFÃ: sem contrato de origem,
L033,CEF,BEN.COMPROVANTE_VT,COMPROVANTE_PG_VT,COMPETÊNCIA em branco,
L033,CEF,BEN.COMPROVANTE_VT,COMPROVANTE_PG_VT,PERIODICIDADE em branco,
L033,CEF,BEN.COMPROVANTE_VT,COMPROVANTE_PG_VT,PREVISÃO/fundamento em branco,
L033,CEF,BEN.COMPROVANTE_VT,COMPROVANTE_PG_VT,DESCRIÇÃO do documento em branco,
L035,CEF,RES.ASO_DEMISSIONAL,ASO_DEMISSIONAL,PERIODICIDADE em branco,
L035,CEF,RES.ASO_DEMISSIONAL,ASO_DEMISSIONAL,PREVISÃO/fundamento em branco,
L036,CEF,RES.COMPROVANTE_PG,COMPROVANTE_PG_RESCISÃO,DUPLICIDADE no mesmo contrato/evento,
L036,CEF,RES.COMPROVANTE_PG,COMPROVANTE_PG_RESCISÃO,PERIODICIDADE em branco,
L036,CEF,RES.COMPROVANTE_PG,COMPROVANTE_PG_RESCISÃO,PREVISÃO/fundamento em branco,
L037,CEF,RES.AVISO_PREVIO,AVISO_PREVIO,PERIODICIDADE em branco,
L037,CEF,RES.AVISO_PREVIO,AVISO_PREVIO,PREVISÃO/fundamento em branco,
L038,CEF,FGT.EXTRATO,EXTRATO_FGTS,PERIODICIDADE em branco,
L038,CEF,FGT.EXTRATO,EXTRATO_FGTS,PREVISÃO/fundamento em branco,
L039,CEF,FGT.GUIA_RESCISORIA,GUIA_GFD,PERIODICIDADE em branco,
L039,CEF,FGT.GUIA_RESCISORIA,GUIA_GFD,PREVISÃO/fundamento em branco,
L040,CEF,FGT.COMPROVANTE_PG_GRRF,COMPROVANTE_PG_GRRF,PERIODICIDADE em branco,
L040,CEF,FGT.COMPROVANTE_PG_GRRF,COMPROVANTE_PG_GRRF,PREVISÃO/fundamento em branco,
L041,CEF,RES.COMPROVANTE_PG,COMPROVANTE_PG_RECSISÃO,DUPLICIDADE no mesmo contrato/evento,
L041,CEF,RES.COMPROVANTE_PG,COMPROVANTE_PG_RECSISÃO,PASTA incompatível com a família do documento,
L048,CEF,BEN.RELACAO_VA_VR,RELAÇÃO_DE_VA_VR,LINHA COMPOSTA: descreve mais de um artefato,
L049,CEF,BEN.COMPROVANTE_VA_VR,COMPROVANTE_PG_VA_VR,LINHA ÓRFÃ: sem contrato de origem,
L049,CEF,BEN.COMPROVANTE_VA_VR,COMPROVANTE_PG_VA_VR,COMPETÊNCIA em branco,
L049,CEF,BEN.COMPROVANTE_VA_VR,COMPROVANTE_PG_VA_VR,PERIODICIDADE em branco,
L049,CEF,BEN.COMPROVANTE_VA_VR,COMPROVANTE_PG_VA_VR,PREVISÃO/fundamento em branco,
L049,CEF,BEN.COMPROVANTE_VA_VR,COMPROVANTE_PG_VA_VR,DESCRIÇÃO do documento em branco,
L050,CEF,INS.DCTFWEB,DCTFWEB_COMPLETA,LINHA COMPOSTA: descreve mais de um artefato,
L051,CEF,INS.COMPROVANTE_PG,COMPROVANTE_PG_INSS,PREVISÃO/fundamento em branco,
L053,DOCAS,OPE.RELATORIO_MEDICAO,RELATÓRIO_DE_FATURAMENTO,DUPLICIDADE no mesmo contrato/evento,
L055,DOCAS,OPE.RELATORIO_MEDICAO,RELATÓRIO_DE_ATIVIDADES_DESENVOLVIDAS_POR _CADA_UM_DOS_POSTOS_DE_TRABALHO,DUPLICIDADE no mesmo contrato/evento,
L055,DOCAS,OPE.RELATORIO_MEDICAO,RELATÓRIO_DE_ATIVIDADES_DESENVOLVIDAS_POR _CADA_UM_DOS_POSTOS_DE_TRABALHO,NOMENCLATURA com espaço/caractere irregular,
L058,DOCAS,CER.CRF_FGTS,CRF_FGTS,DUPLICIDADE no mesmo contrato/evento,
L064,DOCAS,CER.CRF_FGTS,CRF_FGTS,DUPLICIDADE no mesmo contrato/evento,
L071,DOCAS,INS.COMPROVANTE_PG,COMPROVANTE_PG_INSS,PREVISÃO/fundamento em branco,
L072,DOCAS,FGT.GUIA,GFD_GUIA_DO_FGTS,"COMPETÊNCIA divergente: consta ""Mês da Competência"", esperado ""Competência Anterior""",
L074,DOCAS,FIS.NOTA_FISCAL,NOTA _FISCAL,NOMENCLATURA com espaço/caractere irregular,
L093,SESCOOP,RES.COMPROVANTE_PG,COMPROVANTE_PG_RECSISÃO,PASTA incompatível com a família do documento,
L094,SESCOOP,INS.DARF,DCTFWEB_DARF,"COMPETÊNCIA divergente: consta ""Mês da Competência"", esperado ""Competência Anterior""",
L110,SESCOOP,FGT.RELATORIO_DIGITAL,GFD_GUIA_DO_FGTS,COLISÃO: mesma nomenclatura usada para dois documentos distintos,
L116,Telebrás,FIS.NF_XML,XML,LINHA ÓRFÃ: sem contrato de origem,
L116,Telebrás,FIS.NF_XML,XML,COMPETÊNCIA em branco,
L116,Telebrás,FIS.NF_XML,XML,PERIODICIDADE em branco,
L116,Telebrás,FIS.NF_XML,XML,PREVISÃO/fundamento em branco,
L116,Telebrás,FIS.NF_XML,XML,DESCRIÇÃO do documento em branco,
L127,TERRACAP,FIS.NOTA_FISCAL,NOTA _FISCAL,NOMENCLATURA com espaço/caractere irregular,
L134,TERRACAP,CER.CND_FALENCIA,CND FALENCIA E RECUP JUD,NOMENCLATURA com espaço/caractere irregular,
L139,TJ CE,FIS.NOTA_FISCAL,NOTA _FISCAL,NOMENCLATURA com espaço/caractere irregular,
L141,TJ CE,INS.DARF,DCTFWEB_DARF,DUPLICIDADE no mesmo contrato/evento,
L142,TJ CE,FGT.GUIA,GFD_GUIA_DO_FGTS,DUPLICIDADE no mesmo contrato/evento,
L143,TJ CE,FGT.COMPROVANTE_PG,COMPROVANTE_PG_FGTS,DUPLICIDADE no mesmo contrato/evento,
L150,TJ CE,RES.COMPROVANTE_PG,COMPROVANTE_PG_RECSISÃO,DUPLICIDADE no mesmo contrato/evento,
L150,TJ CE,RES.COMPROVANTE_PG,COMPROVANTE_PG_RECSISÃO,PASTA incompatível com a família do documento,
L151,TJ CE,FER.RECIBO,RECIBO_DE_FERIAS,DUPLICIDADE no mesmo contrato/evento,
L152,TJ CE,FER.COMPROVANTE_PG,COMPROVANTE_PG_FERIAS,DUPLICIDADE no mesmo contrato/evento,
L162,TJ CE,RES.ASO_DEMISSIONAL,ASO_DEMISSIONAL,PERIODICIDADE em branco,
L162,TJ CE,RES.ASO_DEMISSIONAL,ASO_DEMISSIONAL,PREVISÃO/fundamento em branco,
L163,TJ CE,RES.COMPROVANTE_PG,COMPROVANTE_PG_RESCISÃO,DUPLICIDADE no mesmo contrato/evento,
L163,TJ CE,RES.COMPROVANTE_PG,COMPROVANTE_PG_RESCISÃO,PERIODICIDADE em branco,
L163,TJ CE,RES.COMPROVANTE_PG,COMPROVANTE_PG_RESCISÃO,PREVISÃO/fundamento em branco,
L164,TJ CE,RES.AVISO_PREVIO,AVISO_PRÉVIO,PERIODICIDADE em branco,
L164,TJ CE,RES.AVISO_PREVIO,AVISO_PRÉVIO,PREVISÃO/fundamento em branco,
L165,TJ CE,FGT.EXTRATO,EXTRATO_FGTS,"COMPETÊNCIA divergente: consta ""Mês da Competência"", esperado ""Competência Anterior""",
L165,TJ CE,FGT.EXTRATO,EXTRATO_FGTS,PERIODICIDADE em branco,
L165,TJ CE,FGT.EXTRATO,EXTRATO_FGTS,PREVISÃO/fundamento em branco,
L166,TJ CE,FGT.GUIA_RESCISORIA,GUIA_GFD,PERIODICIDADE em branco,
L166,TJ CE,FGT.GUIA_RESCISORIA,GUIA_GFD,PREVISÃO/fundamento em branco,
L167,TJ CE,FGT.COMPROVANTE_PG_GRRF,COMPROVANTE_PG_GRRF,PERIODICIDADE em branco,
L167,TJ CE,FGT.COMPROVANTE_PG_GRRF,COMPROVANTE_PG_GRRF,PREVISÃO/fundamento em branco,
L168,TJ CE,FER.AVISO,AVISO_DE_FERIAS,PERIODICIDADE em branco,
L168,TJ CE,FER.AVISO,AVISO_DE_FERIAS,PREVISÃO/fundamento em branco,
L169,TJ CE,FER.RECIBO,RECIBO_DE_FÉRIAS,DUPLICIDADE no mesmo contrato/evento,
L169,TJ CE,FER.RECIBO,RECIBO_DE_FÉRIAS,PERIODICIDADE em branco,
L169,TJ CE,FER.RECIBO,RECIBO_DE_FÉRIAS,PREVISÃO/fundamento em branco,
L170,TJ CE,FER.COMPROVANTE_PG,COMPROVANTE_PG_FÉRIAS,DUPLICIDADE no mesmo contrato/evento,
L170,TJ CE,FER.COMPROVANTE_PG,COMPROVANTE_PG_FÉRIAS,PERIODICIDADE em branco,
L170,TJ CE,FER.COMPROVANTE_PG,COMPROVANTE_PG_FÉRIAS,PREVISÃO/fundamento em branco,
L171,TJ CE,DEC.FOPAG_13,FOPAGO_13º SALÁRIO,PERIODICIDADE em branco,
L171,TJ CE,DEC.FOPAG_13,FOPAGO_13º SALÁRIO,PREVISÃO/fundamento em branco,
L171,TJ CE,DEC.FOPAG_13,FOPAGO_13º SALÁRIO,NOMENCLATURA com espaço/caractere irregular,
L172,TJ CE,DEC.COMPROVANTE_PG_13,COMPROVANTE_PG_13º SALARIO,PERIODICIDADE em branco,
L172,TJ CE,DEC.COMPROVANTE_PG_13,COMPROVANTE_PG_13º SALARIO,PREVISÃO/fundamento em branco,
L172,TJ CE,DEC.COMPROVANTE_PG_13,COMPROVANTE_PG_13º SALARIO,NOMENCLATURA com espaço/caractere irregular,
L173,TJ CE,INS.DARF,DCTFWEB_DARF,DUPLICIDADE no mesmo contrato/evento,
L173,TJ CE,INS.DARF,DCTFWEB_DARF,"COMPETÊNCIA divergente: consta ""Mês da Competência"", esperado ""Competência Anterior""",
L173,TJ CE,INS.DARF,DCTFWEB_DARF,PERIODICIDADE em branco,
L173,TJ CE,INS.DARF,DCTFWEB_DARF,PREVISÃO/fundamento em branco,
L173,TJ CE,INS.DARF,DCTFWEB_DARF,"PASTA ""13º"" para documento mensal — evento não declarado em campo próprio",
L174,TJ CE,INS.COMPROVANTE_PG,COMPROVANTE_PG_INSS,"COMPETÊNCIA divergente: consta ""Mês da Competência"", esperado ""Competência Anterior""",
L174,TJ CE,INS.COMPROVANTE_PG,COMPROVANTE_PG_INSS,PERIODICIDADE em branco,
L174,TJ CE,INS.COMPROVANTE_PG,COMPROVANTE_PG_INSS,PREVISÃO/fundamento em branco,
L174,TJ CE,INS.COMPROVANTE_PG,COMPROVANTE_PG_INSS,"PASTA ""13º"" para documento mensal — evento não declarado em campo próprio",
L175,TJ CE,FGT.GUIA,GFD_GUIA_DO_FGTS,DUPLICIDADE no mesmo contrato/evento,
L175,TJ CE,FGT.GUIA,GFD_GUIA_DO_FGTS,"COMPETÊNCIA divergente: consta ""Mês da Competência"", esperado ""Competência Anterior""",
L175,TJ CE,FGT.GUIA,GFD_GUIA_DO_FGTS,PERIODICIDADE em branco,
L175,TJ CE,FGT.GUIA,GFD_GUIA_DO_FGTS,PREVISÃO/fundamento em branco,
L175,TJ CE,FGT.GUIA,GFD_GUIA_DO_FGTS,"PASTA ""13º"" para documento mensal — evento não declarado em campo próprio",
L176,TJ CE,FGT.COMPROVANTE_PG,COMPROVANTE_PG_FGTS,DUPLICIDADE no mesmo contrato/evento,
L176,TJ CE,FGT.COMPROVANTE_PG,COMPROVANTE_PG_FGTS,"COMPETÊNCIA divergente: consta ""Mês da Competência"", esperado ""Competência Anterior""",
L176,TJ CE,FGT.COMPROVANTE_PG,COMPROVANTE_PG_FGTS,PERIODICIDADE em branco,
L176,TJ CE,FGT.COMPROVANTE_PG,COMPROVANTE_PG_FGTS,PREVISÃO/fundamento em branco,
